itn,education,age,rural,pregnant,infant,malmessage,altitude,household
1,0,42,1,0,0,0,1.153,1
1,3,21,1,0,0,0,1.153,2
0,4,33,1,0,1,1,1.153,3
1,0,29,1,0,0,1,1.153,4
1,7,32,1,1,0,1,1.153,5
0,8,22,1,0,0,0,1.153,6
0,5,20,1,0,0,0,1.218,7
0,0,32,1,0,0,1,1.218,8
0,6,19,1,0,0,1,1.218,9
1,7,18,1,1,0,1,1.218,10
0,7,32,1,0,0,0,1.28,11
0,7,25,1,0,0,1,1.321,12
0,0,39,1,0,0,0,1.321,13
1,2,19,1,0,0,0,1.321,13
1,6,27,1,0,0,1,1.321,14
0,5,39,1,0,0,1,1.321,15
0,7,20,1,0,1,1,1.321,15
0,3,38,1,0,0,1,1.321,16
0,4,15,1,0,0,0,1.321,16
1,2,39,1,0,0,1,1.321,17
1,9,47,1,0,0,1,1.321,18
0,9,20,1,1,0,1,1.321,19
0,6,25,1,0,0,0,1.321,20
1,3,47,1,0,0,0,1.258,21
0,7,15,1,0,0,0,1.258,21
1,4,36,1,0,1,1,1.258,22
0,9,35,1,0,0,1,1.258,23
1,7,34,1,0,0,1,1.238,24
1,0,31,1,0,0,0,1.238,25
1,7,20,1,0,0,1,1.225,26
0,6,22,1,0,1,1,1.225,27
0,7,27,1,0,0,0,1.225,28
0,8,17,1,0,0,1,1.225,28
1,8,32,1,0,1,1,1.17,29
1,5,25,1,0,1,0,1.17,30
1,5,25,1,0,1,1,1.17,31
1,7,45,1,0,0,1,1.17,32
1,7,22,1,0,1,0,1.17,32
1,6,35,1,0,0,0,1.17,33
1,9,40,1,0,0,1,1.17,34
1,8,24,1,0,0,0,1.17,35
0,5,23,1,0,1,1,1.17,36
1,9,18,1,1,0,0,1.17,37
0,6,33,1,0,0,1,1.17,38
0,7,30,1,0,0,0,1.172,39
0,6,31,1,0,0,0,1.172,40
1,7,26,1,0,1,1,1.172,41
1,3,24,1,0,0,0,1.172,42
1,4,45,1,0,0,0,1.172,43
1,7,37,1,0,1,0,1.172,44
0,7,16,1,0,0,0,1.172,44
1,9,25,1,0,0,1,1.172,45
1,9,26,1,0,0,1,1.172,46
0,0,36,1,0,0,1,1.172,47
0,3,26,1,0,0,1,1.172,48
0,2,36,1,0,0,0,1.172,49
1,6,30,1,1,0,1,1.172,50
0,7,26,1,0,0,0,1.172,51
1,6,23,1,0,0,0,1.186,52
0,7,23,1,0,1,1,1.186,53
0,6,30,1,0,0,1,1.186,54
0,6,33,1,0,0,1,1.186,55
0,5,16,1,0,0,1,1.186,55
0,6,31,1,1,0,1,1.186,56
1,0,43,1,0,0,0,1.323,57
1,7,23,1,0,0,0,1.323,58
1,7,39,1,0,0,0,1.323,59
1,4,27,1,0,0,1,1.323,60
1,7,28,1,0,0,1,1.161,61
1,11,46,1,0,0,1,1.161,62
0,6,33,1,0,0,1,1.161,63
1,8,16,1,0,0,1,1.161,63
0,8,33,1,0,0,1,1.161,64
0,10,18,1,0,0,1,1.161,64
0,9,16,1,0,0,1,1.161,64
1,11,35,1,0,0,1,1.161,65
1,11,16,1,0,0,1,1.161,65
1,6,22,1,0,0,1,1.161,66
1,13,19,1,0,0,0,1.161,67
0,7,21,1,0,0,0,1.161,67
1,16,27,1,0,0,1,1.161,68
1,12,22,1,0,0,1,1.161,68
1,6,23,1,0,0,1,1.161,69
1,13,25,1,0,0,1,1.161,70
0,0,25,1,0,0,1,1.161,71
0,15,21,1,0,0,1,1.161,72
0,13,19,1,0,0,0,1.161,72
0,8,15,1,0,0,0,1.161,72
1,5,39,1,0,0,0,1.161,73
1,11,22,1,0,1,1,1.161,73
1,5,40,1,0,0,1,1.161,74
1,8,17,1,0,0,1,1.161,74
1,10,19,1,0,1,1,1.161,74
0,13,22,1,0,0,1,1.161,74
1,10,40,1,0,0,1,1.168,75
1,11,43,1,0,0,1,1.168,76
1,11,37,1,0,0,1,1.168,77
1,10,23,1,0,0,1,1.168,78
1,11,20,1,0,0,1,1.168,79
1,10,16,1,0,0,0,1.168,79
1,8,19,1,0,1,0,1.168,80
1,15,20,1,0,0,0,1.168,81
1,11,16,1,0,0,0,1.168,81
1,7,20,1,0,0,1,1.168,82
1,8,30,1,0,0,1,1.168,83
1,6,26,1,1,0,1,1.168,83
1,11,26,1,0,1,1,1.168,84
1,7,19,1,1,0,1,1.209,85
1,4,29,1,1,1,1,1.209,86
1,7,42,1,0,0,0,1.209,87
0,6,20,1,0,0,0,1.209,88
1,4,24,1,0,1,1,1.209,89
1,5,41,1,0,0,0,1.166,90
0,7,15,1,0,0,1,1.166,90
1,7,47,1,0,0,1,1.166,91
1,7,40,1,0,0,1,1.166,92
1,9,15,1,0,0,1,1.166,92
1,9,17,1,1,0,0,1.166,93
1,8,43,1,0,0,0,1.166,94
0,11,17,1,0,0,1,1.166,94
0,11,17,1,0,0,1,1.166,94
1,2,42,1,0,0,1,1.166,95
0,11,30,1,1,0,0,1.166,95
0,7,45,1,0,0,1,1.166,96
0,9,25,1,0,0,0,1.166,97
1,7,33,1,0,0,0,1.183,98
1,8,35,1,0,1,1,1.183,99
1,10,35,1,0,0,1,1.183,100
1,11,33,1,1,0,1,1.183,101
1,10,38,1,0,0,1,1.183,102
1,11,36,1,0,0,1,1.183,103
1,13,26,1,0,0,1,1.183,104
1,16,30,1,0,1,1,1.183,105
1,9,22,1,0,0,0,1.183,105
1,6,28,1,0,0,1,1.166,106
0,0,26,1,0,0,0,1.166,106
1,7,23,1,0,1,1,1.166,107
0,4,28,1,0,0,1,1.166,108
1,10,19,1,1,0,1,1.166,109
0,13,34,1,0,0,1,1.166,110
1,10,16,1,0,0,0,1.166,110
1,11,17,1,0,0,1,1.166,110
1,10,43,1,0,0,1,1.166,111
1,6,34,1,0,0,0,1.166,112
0,4,33,1,0,0,1,1.166,113
1,10,17,1,0,0,0,1.166,113
1,10,35,0,0,0,1,1.095,114
0,3,15,0,0,0,0,1.095,115
1,9,21,0,0,0,0,1.095,116
1,9,34,0,0,1,1,1.095,117
1,6,36,0,0,0,1,1.095,118
0,6,39,0,0,0,1,1.095,119
0,6,17,0,0,0,0,1.095,119
1,0,28,0,0,0,1,1.095,120
1,7,25,0,0,0,1,1.095,121
1,9,45,0,0,0,1,1.095,122
1,10,42,1,0,0,1,1.163,123
1,7,43,1,0,0,0,1.163,124
1,9,15,1,0,0,0,1.163,124
1,11,25,1,0,1,1,1.213,125
0,0,25,1,0,1,0,1.213,126
0,7,17,1,0,0,1,1.213,126
0,7,19,1,0,0,0,1.213,127
0,9,23,1,0,1,1,1.213,128
1,0,33,1,0,0,1,1.213,129
1,2,22,1,0,0,0,1.213,130
0,13,25,1,0,0,1,1.201,131
1,9,15,1,0,0,0,1.201,131
1,11,18,1,0,1,0,1.201,131
1,0,26,1,0,0,0,1.201,132
0,6,19,1,0,0,0,1.201,133
1,7,35,1,0,0,1,1.201,134
0,7,15,1,0,0,1,1.201,134
0,7,24,1,0,1,0,1.11,135
1,7,39,1,0,0,1,1.11,136
0,5,45,1,0,0,0,1.11,137
1,0,19,1,0,1,0,1.11,137
1,8,20,1,0,0,0,1.11,138
1,6,28,1,0,1,1,1.11,139
1,8,39,1,0,0,1,1.282,140
0,13,23,1,0,0,1,1.282,141
1,15,31,1,0,0,1,1.282,142
1,3,39,1,0,0,0,1.174,143
1,11,27,1,0,0,1,1.298,144
0,5,32,1,1,1,1,1.334,145
1,11,25,1,0,0,1,1.334,146
1,6,36,1,0,0,1,1.263,147
1,11,22,1,0,0,1,1.263,147
1,16,24,1,0,0,1,1.263,147
1,13,24,1,0,0,1,1.263,148
1,8,35,1,0,0,1,1.263,149
0,7,15,1,0,0,0,1.263,149
1,4,46,1,0,0,0,1.263,150
0,8,15,1,0,0,0,1.263,150
0,11,22,1,0,0,1,1.263,150
0,11,23,1,0,0,1,1.263,151
1,6,43,1,0,0,1,1.254,152
0,9,15,1,0,0,1,1.254,152
1,9,20,1,1,0,0,1.145,153
1,2,38,1,0,0,0,1.145,154
1,4,42,1,0,0,0,1.145,155
1,8,24,1,0,0,0,1.145,156
1,7,46,1,0,0,1,1.145,157
1,0,45,1,0,0,1,1.145,158
1,9,19,1,0,0,0,1.145,159
1,5,45,1,0,0,1,1.145,160
0,6,17,1,0,0,1,1.145,160
0,5,16,1,0,0,0,1.145,160
1,5,27,1,0,0,0,1.158,161
1,9,35,1,0,0,1,1.158,162
1,6,21,1,0,1,0,1.158,163
1,4,40,1,1,0,1,1.158,164
1,9,22,1,0,0,1,1.158,165
1,7,17,1,0,1,0,1.091,166
1,6,22,1,0,0,1,1.091,167
1,0,40,1,0,0,0,1.091,168
0,0,24,1,0,1,0,1.157,169
1,0,31,1,0,1,0,1.157,170
1,3,27,1,0,0,1,1.157,171
1,0,30,1,0,0,0,1.048,172
1,4,20,1,0,0,1,1.048,173
1,3,49,1,0,0,1,1.048,174
1,0,22,1,0,0,0,1.048,175
1,3,44,1,0,1,1,1.048,176
1,8,18,1,0,0,0,1.048,177
0,4,27,1,1,0,0,1.158,178
1,0,33,1,0,1,0,1.158,179
1,6,16,1,0,1,0,1.158,180
1,6,36,1,0,1,1,1.158,181
1,5,34,1,0,0,1,1.158,182
1,5,35,1,0,0,0,1.158,183
1,4,37,1,1,0,1,1.158,184
1,6,31,1,0,0,0,1.158,185
1,6,26,1,1,0,1,1.158,186
0,6,20,1,0,0,1,1.158,187
0,0,45,1,0,0,0,1.141,188
1,3,43,1,0,0,1,1.141,188
1,6,30,1,1,0,1,1.141,189
1,1,33,1,0,0,0,1.141,190
0,0,33,1,0,0,1,1.141,191
0,2,27,1,1,0,0,1.141,192
1,0,18,1,0,0,0,1.141,193
1,3,27,1,1,1,0,1.141,194
0,0,30,1,0,1,1,1.141,195
1,5,34,1,1,0,1,1.141,196
1,0,40,1,0,0,1,1.2,197
1,9,20,1,0,1,0,1.2,198
0,6,15,1,0,0,1,1.2,198
0,6,36,1,0,0,1,1.2,199
0,0,49,1,0,0,0,1.2,199
0,16,35,1,0,0,1,1.2,200
1,7,27,1,0,0,1,1.2,201
1,6,30,1,0,0,0,1.2,202
0,6,34,1,0,1,0,1.2,203
0,10,24,1,1,0,1,1.2,203
0,6,15,1,0,0,0,1.2,203
0,6,40,1,0,0,1,1.2,204
0,3,36,1,0,1,0,1.2,205
1,5,17,1,0,0,0,1.2,205
1,7,33,1,0,0,1,1.2,206
1,11,32,1,0,0,1,1.2,207
1,7,19,1,0,0,0,1.097,208
1,5,47,1,0,0,1,1.097,209
0,10,16,1,0,0,1,1.097,209
1,0,19,1,0,1,0,1.097,209
1,5,23,1,0,1,0,1.097,210
1,6,18,1,0,0,0,1.097,211
1,6,47,1,0,0,1,1.097,212
0,3,42,1,0,0,1,1.097,213
1,4,19,1,0,0,0,1.097,213
0,3,29,1,0,1,0,1.097,214
0,6,15,1,0,0,0,1.097,214
1,7,21,1,0,0,1,1.097,215
1,0,21,1,0,0,0,1.097,216
1,7,30,1,0,0,1,1.097,217
1,7,19,1,0,1,0,1.102,218
0,11,23,1,0,0,1,1.102,219
0,11,20,1,0,0,1,1.102,219
1,9,30,1,1,0,0,1.102,220
1,7,20,1,0,0,1,1.102,220
0,5,33,1,0,0,0,1.102,220
1,9,23,1,0,0,0,1.155,221
1,4,28,1,0,0,0,1.155,222
1,0,24,1,0,0,1,1.155,223
1,10,25,1,0,1,0,1.155,224
0,6,16,1,0,0,0,1.155,224
0,11,23,1,0,0,1,1.155,225
1,2,47,1,0,0,0,1.155,226
1,6,37,1,1,1,0,1.155,227
1,0,25,1,0,0,0,1.155,228
1,6,30,1,0,0,1,1.144,229
1,1,22,1,1,0,1,1.144,230
1,7,16,1,0,1,0,1.144,231
1,6,27,1,0,0,1,1.144,232
1,7,29,1,1,0,1,1.144,233
1,0,18,1,1,0,0,1.144,234
1,6,20,1,0,0,0,1.144,235
1,9,23,1,0,1,0,1.144,236
0,4,34,1,0,0,0,1.144,237
1,4,48,1,0,0,1,1.144,238
0,5,32,1,0,0,0,1.144,238
1,3,23,1,0,1,0,1.144,239
1,6,34,1,1,0,1,1.144,240
1,3,43,1,0,0,1,1.144,241
1,10,28,1,0,1,1,1.144,242
0,7,48,1,0,0,1,1.219,243
1,8,29,1,0,0,0,1.219,244
1,10,29,1,0,0,1,1.219,245
1,15,25,1,0,0,1,1.219,246
1,4,28,1,0,1,0,1.142,247
1,9,21,1,1,0,1,1.142,248
1,0,29,1,0,0,1,1.142,249
0,11,22,1,0,1,1,1.142,250
1,6,30,1,1,0,1,1.139,251
1,7,26,1,1,0,1,1.139,252
1,6,23,1,0,1,1,1.139,253
1,13,27,1,0,0,1,1.139,254
1,4,26,1,0,0,1,1.139,255
1,0,37,1,0,0,0,1.139,256
0,3,42,1,0,0,1,1.139,257
1,5,28,0,0,1,0,1.127,258
1,0,28,0,0,0,1,1.127,259
1,10,20,0,0,0,1,1.127,260
1,11,20,0,0,0,1,1.127,261
1,0,36,0,0,0,1,1.127,262
1,8,20,0,1,0,1,1.127,263
1,10,23,0,0,0,1,1.127,264
1,7,40,0,0,0,1,1.127,265
0,6,23,1,0,1,0,1.058,266
0,0,32,1,0,0,1,1.058,267
1,0,22,1,0,1,1,1.058,268
1,3,20,1,0,0,1,1.136,269
1,6,23,1,1,0,1,1.136,270
1,8,22,1,0,0,1,1.136,271
0,7,44,1,0,0,1,1.051,272
0,5,19,1,0,0,0,1.051,272
0,10,23,1,0,1,1,1.051,273
0,3,25,1,0,0,1,1.051,274
1,10,29,1,0,0,1,1.051,275
1,8,19,1,1,0,1,1.099,276
0,7,23,1,0,0,1,1.099,277
1,8,31,1,0,1,1,1.099,278
1,7,30,1,0,0,1,1.099,279
1,7,28,1,0,0,1,1.099,280
1,0,28,1,0,0,1,1.099,281
1,3,48,1,0,0,1,1.159,282
1,11,27,1,0,0,1,1.159,283
1,11,30,1,0,1,0,1.159,284
0,4,34,1,0,1,1,1.159,285
0,8,32,1,0,0,1,1.159,286
0,11,16,1,0,0,1,1.159,287
1,6,45,1,0,0,1,1.159,288
0,0,24,1,0,0,1,1.159,289
1,6,15,1,0,0,0,1.159,290
0,7,41,1,0,0,1,1.159,291
0,3,35,1,0,0,1,1.159,292
0,7,17,1,1,0,0,1.159,292
0,11,22,1,1,0,0,1.159,293
1,0,39,1,0,0,0,1.159,294
0,5,24,1,1,0,1,1.159,295
1,9,21,0,0,1,0,1.281,296
1,11,46,0,0,0,0,1.281,297
1,10,23,0,0,1,0,1.281,298
1,15,25,0,0,0,1,1.281,299
1,11,24,0,0,0,0,1.281,299
1,0,28,0,0,0,0,1.281,300
0,13,35,0,0,0,1,1.161,301
1,9,15,0,0,0,0,1.161,301
0,14,20,0,0,0,1,1.161,301
1,13,20,0,0,0,1,1.161,301
1,16,27,0,0,0,1,1.161,302
0,12,20,0,0,0,1,1.161,302
0,13,31,0,0,1,1,1.161,302
1,15,22,0,1,0,0,1.161,303
1,11,49,0,0,0,1,1.161,304
1,15,23,0,0,0,1,1.161,304
1,14,22,0,0,0,1,1.161,304
1,13,23,0,0,0,0,1.161,305
1,16,31,0,0,0,0,1.161,306
1,14,19,0,0,0,1,1.161,307
1,0,37,0,0,0,1,1.161,308
0,10,15,0,0,0,0,1.161,308
0,10,17,0,0,0,1,1.231,309
0,1,42,0,0,0,0,1.231,309
1,10,25,0,0,1,1,1.231,310
0,13,46,0,0,0,1,1.231,311
0,15,25,0,0,0,1,1.231,311
1,11,19,0,0,0,0,1.231,311
1,5,45,0,0,0,0,1.231,312
1,8,29,0,1,0,1,1.231,313
1,10,25,0,0,0,1,1.231,314
1,6,34,0,0,0,0,1.231,315
0,12,19,0,0,0,0,1.231,315
0,9,16,0,0,0,1,1.231,315
1,11,26,0,1,0,0,1.231,316
1,11,42,0,0,0,1,1.231,317
1,15,19,0,0,0,1,1.231,317
1,6,28,0,0,0,0,1.182,318
1,13,21,0,0,0,1,1.182,319
1,9,26,0,0,0,0,1.182,320
0,6,16,0,0,0,,1.182,321
1,9,20,0,1,1,0,1.182,322
1,9,30,0,0,0,0,1.182,323
1,7,24,0,0,0,0,1.182,323
1,16,37,0,0,0,1,1.182,324
0,8,15,0,0,0,1,1.182,324
1,9,25,0,0,0,0,1.182,325
0,8,21,0,0,0,0,1.182,326
1,9,23,0,0,1,1,1.182,327
1,10,20,0,0,0,1,1.182,328
1,9,18,0,0,0,1,1.182,329
1,11,25,0,0,0,0,1.198,330
1,13,20,0,0,0,0,1.198,330
1,4,48,0,0,0,0,1.198,331
1,11,20,0,0,0,1,1.198,332
1,16,34,0,0,0,0,1.198,333
1,15,26,0,0,0,1,1.198,333
1,9,23,0,0,0,0,1.198,333
1,11,28,0,0,0,1,1.198,334
1,16,49,0,0,0,1,1.198,335
1,14,20,0,0,0,1,1.198,335
1,13,18,0,0,0,1,1.198,335
1,5,32,0,0,0,0,1.198,335
0,11,29,0,0,0,1,1.198,336
1,8,39,0,0,0,0,1.198,337
1,13,27,0,0,0,1,1.198,338
0,16,28,0,0,0,1,1.198,339
1,15,26,0,0,0,1,1.198,339
0,16,24,0,0,0,1,1.198,339
0,13,22,0,0,0,1,1.198,339
1,6,37,0,0,0,1,1.159,340
1,8,22,0,0,0,0,1.159,341
1,9,21,0,0,1,0,1.159,342
0,7,35,0,0,0,1,1.159,343
0,7,17,0,0,0,0,1.159,343
1,7,27,0,0,0,1,1.159,344
1,5,26,0,0,0,1,1.159,345
1,11,24,0,1,0,1,1.159,346
0,3,32,0,0,0,0,1.159,347
1,14,20,0,0,0,1,1.159,348
1,14,19,0,0,0,1,1.159,348
1,3,23,0,0,0,0,1.159,349
1,9,35,0,0,1,0,1.159,350
1,8,43,0,0,0,1,1.159,350
1,4,40,0,0,0,1,1.173,351
0,10,17,0,0,0,0,1.173,351
1,11,25,0,0,0,1,1.173,352
1,15,35,0,0,0,1,1.173,353
1,6,23,0,0,0,0,1.173,353
0,6,46,0,0,0,0,1.173,354
1,15,23,0,0,0,1,1.173,355
1,11,17,0,0,0,1,1.173,355
1,13,18,0,0,0,1,1.173,356
1,0,38,0,0,0,1,1.173,356
1,10,18,0,0,0,0,1.173,357
1,11,19,0,0,0,0,1.173,358
1,7,22,0,0,0,0,1.173,359
1,11,20,0,0,0,1,1.173,360
1,6,27,0,0,0,1,1.173,361
0,16,37,0,0,0,1,1.173,362
0,6,17,0,0,0,0,1.173,362
1,15,35,0,1,0,1,1.173,363
1,11,27,0,0,0,1,1.173,363
1,6,25,0,0,0,0,1.173,363
1,7,24,0,0,1,1,1.173,364
1,0,37,0,0,0,1,1.173,365
0,13,20,0,0,0,0,1.173,365
0,2,21,0,0,1,1,1.163,366
1,12,18,0,0,0,1,1.163,367
1,9,24,0,0,1,1,1.163,368
1,16,33,0,0,0,1,1.163,369
1,6,29,0,0,0,0,1.163,369
1,6,40,0,0,0,0,1.163,370
1,16,24,0,0,0,1,1.163,370
1,9,46,0,0,0,1,1.163,371
1,15,23,0,0,0,1,1.163,372
1,0,27,0,1,0,1,1.163,373
1,11,20,0,0,0,1,1.163,374
1,17,25,0,0,0,1,1.163,375
1,7,23,0,0,0,0,1.163,376
1,11,23,0,1,0,0,1.163,377
0,9,18,0,0,0,0,1.163,377
1,16,26,0,1,0,1,1.204,378
0,15,32,0,0,0,1,1.204,379
1,11,29,0,0,0,1,1.204,379
0,4,21,0,0,0,0,1.204,380
1,8,16,0,0,0,0,1.204,380
0,7,16,0,0,0,0,1.2,381
1,7,25,0,0,0,0,1.2,382
1,8,18,0,0,0,0,1.2,383
1,7,26,0,0,1,0,1.2,384
0,10,35,0,0,0,0,1.2,385
1,15,21,0,0,0,0,1.2,386
1,14,48,0,0,0,1,1.181,387
1,13,23,0,0,0,0,1.181,387
1,6,35,0,0,0,1,1.181,388
1,5,30,0,0,0,0,1.181,388
0,9,23,0,0,0,0,1.181,388
0,9,29,0,0,0,0,1.181,388
0,10,32,0,0,0,1,1.181,388
1,8,43,0,0,0,1,1.181,389
1,11,37,0,0,0,1,1.181,390
1,8,18,0,0,0,1,1.181,390
1,3,20,0,0,0,1,1.181,391
1,11,18,0,0,0,1,1.181,392
1,8,29,0,0,0,1,1.181,393
1,17,33,0,0,0,1,1.181,394
0,9,17,0,0,0,0,1.246,395
1,11,17,0,0,0,1,1.246,395
1,0,26,0,0,0,0,1.246,396
1,11,26,0,0,0,1,1.246,397
1,7,47,0,0,0,1,1.162,398
1,8,24,0,0,0,1,1.162,399
1,8,32,0,0,0,1,1.162,400
1,11,28,0,0,0,1,1.162,401
1,11,16,0,0,0,1,1.162,402
1,15,23,0,0,0,1,1.162,403
1,8,22,0,0,0,0,1.162,404
0,8,22,0,0,1,1,1.162,405
1,4,21,0,0,0,1,1.162,406
1,7,40,0,0,0,1,1.162,407
1,10,15,0,0,0,1,1.162,407
1,11,30,0,0,0,1,1.202,408
1,5,26,0,0,0,1,1.202,409
1,8,34,0,0,0,1,1.202,410
1,11,32,0,0,0,1,1.202,411
1,6,20,0,0,1,1,1.202,412
1,7,40,0,0,0,1,1.24,413
0,11,17,0,0,0,1,1.24,413
1,11,24,0,0,0,1,1.24,414
1,6,28,0,0,0,0,1.24,415
0,13,20,0,0,0,1,1.24,416
1,17,31,0,0,0,1,1.24,416
1,6,23,0,0,1,0,1.24,417
1,16,48,0,0,0,1,1.24,418
1,9,20,0,0,1,1,1.24,419
0,0,35,0,0,0,0,1.24,420
0,11,38,0,0,0,1,1.24,421
0,11,19,0,0,0,1,1.24,421
1,10,17,0,0,1,0,1.24,422
0,6,30,0,0,0,1,1.24,423
0,16,45,0,0,0,1,1.24,424
0,0,30,0,0,0,0,1.24,424
1,11,32,0,0,0,1,1.24,425
0,9,25,0,0,0,1,1.24,425
1,14,35,0,0,0,0,1.214,426
1,15,25,0,0,0,0,1.214,427
1,15,25,0,0,0,1,1.214,427
1,11,18,0,0,0,0,1.214,427
1,12,33,0,0,0,1,1.214,428
1,16,22,0,0,0,1,1.214,428
1,15,21,0,0,0,1,1.214,428
1,14,19,0,0,0,0,1.214,428
0,14,19,0,0,0,1,1.214,428
1,15,29,0,0,0,1,1.214,429
1,14,20,0,0,0,0,1.214,429
1,12,31,0,0,0,1,1.214,430
1,11,24,0,0,0,1,1.214,430
1,9,27,0,0,0,0,1.214,431
0,8,15,0,0,0,1,1.214,431
1,16,21,0,0,0,1,1.214,432
1,11,25,0,0,1,1,1.214,433
1,13,35,0,0,0,1,1.214,434
1,8,31,0,0,0,1,1.158,435
1,9,36,0,0,0,0,1.158,436
1,10,16,0,0,0,0,1.158,436
1,7,35,0,0,0,0,1.158,437
0,7,16,0,0,0,0,1.158,437
1,18,25,0,0,0,1,1.158,438
1,7,20,0,0,0,1,1.158,438
1,9,30,0,0,0,1,1.158,439
1,13,23,0,0,0,1,1.158,440
1,7,42,0,0,0,1,1.158,441
1,9,16,0,0,0,0,1.158,442
1,17,24,0,0,0,1,1.158,443
0,7,20,0,0,0,1,1.158,443
1,7,22,0,0,0,0,1.158,444
1,4,28,0,0,0,0,1.211,445
1,0,49,0,0,0,0,1.211,446
1,7,15,0,0,0,1,1.211,446
0,9,16,0,0,0,1,1.211,447
0,11,31,0,0,1,1,1.211,448
1,4,22,0,1,0,0,1.211,449
1,0,30,0,0,0,1,1.211,450
1,9,34,0,0,0,0,1.211,451
1,13,21,0,0,0,1,1.211,452
1,7,28,0,0,1,1,1.211,453
1,10,34,0,0,1,1,1.211,454
1,9,41,0,0,0,1,1.211,455
0,12,19,0,0,0,1,1.211,455
0,9,18,0,0,0,1,1.211,455
0,6,15,0,0,0,1,1.211,455
1,7,20,1,1,0,0,1.191,456
1,7,24,1,0,1,1,1.191,457
1,8,34,1,0,1,1,1.191,458
0,0,28,1,0,0,0,1.191,459
0,0,24,1,1,0,0,1.191,459
1,0,19,1,0,1,1,1.191,460
1,0,18,1,0,0,0,1.191,460
1,11,18,1,0,0,1,1.191,461
0,0,34,1,0,0,1,1.191,462
1,10,22,1,0,0,1,1.191,463
1,8,45,1,0,0,1,1.191,464
1,7,39,1,0,0,0,1.191,465
0,5,15,1,0,0,0,1.191,465
1,7,19,1,1,1,1,1.191,466
0,6,28,1,0,0,0,1.191,467
0,7,16,1,0,0,0,1.191,467
1,9,23,1,1,0,1,2.084,468
1,6,22,1,0,1,0,2.084,469
1,8,27,1,0,0,1,2.084,470
1,3,40,1,0,0,1,2.084,471
1,15,29,1,0,0,1,2.084,472
0,8,18,1,0,0,1,2.084,473
1,7,40,1,0,0,0,2.084,474
0,6,40,1,0,0,0,2.084,475
1,10,33,1,0,0,1,2.084,476
1,6,21,1,0,1,0,1.375,477
1,6,15,1,0,0,1,1.375,478
1,6,19,1,1,0,0,1.375,479
1,5,19,1,0,1,0,1.375,480
0,8,15,1,0,0,0,1.375,481
1,4,35,1,0,0,1,1.375,482
1,7,44,1,0,0,1,1.375,483
0,8,21,1,0,0,1,1.375,483
0,11,21,1,0,0,1,1.375,483
1,9,18,1,0,0,1,1.375,483
1,7,15,1,0,0,1,1.375,484
1,11,37,1,0,0,1,1.375,485
1,3,25,1,0,0,1,1.375,486
1,7,18,1,0,0,1,1.375,487
1,5,18,1,0,1,1,1.375,487
0,7,23,1,1,0,1,1.375,488
1,4,33,1,0,0,1,1.375,489
1,5,35,1,0,0,1,1.375,490
1,2,32,1,1,0,1,1.375,491
1,4,16,1,0,0,0,1.375,492
1,2,33,1,0,0,0,1.316,493
1,2,49,1,0,0,1,1.316,494
0,6,33,1,0,1,1,1.316,494
0,5,41,1,0,0,1,1.316,495
0,8,20,1,0,0,1,1.316,495
1,7,27,1,1,0,1,1.398,496
1,6,26,1,0,0,1,1.398,497
0,7,24,1,0,0,1,1.398,498
1,6,20,1,0,1,0,1.398,499
1,3,29,1,0,1,1,1.398,500
0,10,16,1,0,0,1,1.398,500
1,6,26,1,1,0,1,1.398,501
1,11,26,1,1,0,0,1.398,502
1,7,26,1,1,0,1,1.398,503
1,5,20,1,1,0,1,1.398,504
1,4,45,1,0,0,0,1.398,505
0,11,41,1,0,0,1,1.398,505
1,6,31,1,0,0,1,1.398,506
1,5,35,1,0,1,1,1.398,507
0,5,15,1,0,0,1,1.398,507
1,3,25,1,0,1,1,1.398,508
1,7,33,1,0,0,1,1.398,509
1,5,43,1,0,0,1,1.398,510
0,11,19,1,0,0,1,1.398,510
1,6,39,1,1,0,1,1.398,511
1,3,39,1,0,0,1,1.631,512
1,1,29,1,0,1,0,1.631,513
1,5,31,1,0,0,1,1.631,514
0,6,17,1,0,0,0,1.631,514
0,11,19,1,0,0,0,1.631,515
1,5,37,1,1,0,0,1.631,516
1,4,22,1,0,1,1,1.513,517
1,5,24,1,1,0,0,1.513,518
1,7,48,1,0,0,1,1.513,519
1,6,23,1,0,0,0,1.513,520
1,6,22,1,0,0,1,1.513,521
1,1,30,1,1,0,1,1.513,522
0,5,15,1,0,0,1,1.513,522
1,4,26,1,0,1,1,1.513,523
1,5,36,1,0,0,0,1.513,524
1,1,39,1,0,0,1,1.513,525
1,7,27,1,0,0,1,1.513,526
1,0,45,1,0,0,1,1.513,527
1,1,45,1,0,0,1,1.513,528
1,4,36,1,1,0,1,1.085,529
1,2,39,1,0,1,1,1.085,530
1,6,27,1,0,1,1,1.085,531
1,15,29,1,1,0,1,1.085,532
0,0,42,1,0,0,1,1.085,533
0,3,20,1,0,0,0,1.085,533
0,6,16,1,0,0,1,1.085,533
1,2,20,1,0,1,1,1.085,533
0,15,29,1,0,0,1,1.085,534
1,0,33,1,0,0,0,1.085,535
1,5,31,1,0,1,1,1.085,536
1,5,47,1,0,0,1,1.085,537
0,7,21,1,0,1,1,1.085,537
1,5,26,1,0,1,1,1.085,538
0,11,38,1,0,0,1,1.085,539
1,6,34,1,0,0,1,1.085,540
1,11,24,1,0,0,1,1.048,541
0,9,20,1,0,0,1,1.048,541
1,6,39,1,0,0,1,1.048,542
0,10,19,1,0,0,0,1.048,542
1,0,42,1,0,1,1,1.048,543
0,5,22,1,0,0,1,1.048,543
0,6,17,1,0,0,1,1.048,543
1,4,15,1,0,0,0,1.048,544
1,4,44,1,0,1,1,1.048,545
0,3,21,1,0,0,1,1.048,545
1,5,20,1,0,0,0,1.048,546
1,6,24,1,0,1,1,1.048,547
1,1,40,1,0,0,1,1.048,548
1,2,35,1,1,0,1,1.048,549
0,6,15,1,0,0,1,1.048,549
1,0,36,1,1,0,0,1.048,550
0,6,17,1,0,0,0,1.048,550
0,7,15,1,0,0,0,1.048,550
0,5,15,1,0,0,1,1.048,551
1,6,24,1,0,0,1,1.048,551
1,0,29,1,0,1,1,1.048,552
0,0,44,1,0,1,1,1.048,553
0,7,21,1,0,0,0,1.048,553
0,10,18,1,0,0,1,1.048,553
0,5,21,1,0,0,1,1.048,553
0,4,32,1,0,0,1,1.138,554
0,8,26,1,0,0,1,1.138,555
0,0,23,1,0,0,0,1.138,556
1,10,27,1,0,0,0,1.138,557
1,4,17,1,0,1,1,1.138,558
0,7,16,1,0,0,0,1.138,559
1,5,16,1,0,0,0,1.138,559
0,6,15,1,0,0,0,1.138,560
1,2,30,1,0,0,0,1.254,561
1,7,21,1,1,0,1,1.254,562
1,0,35,1,1,0,1,1.254,563
0,8,18,1,0,0,1,1.254,563
0,6,16,1,0,0,1,1.254,563
1,5,39,1,1,0,1,1.254,564
0,6,16,1,0,0,0,1.254,564
1,11,36,1,0,0,1,1.685,565
1,7,26,1,1,0,0,1.685,566
1,10,18,1,0,0,0,1.685,566
1,7,31,1,0,1,1,1.685,567
1,0,18,1,0,0,0,1.093,568
1,3,30,1,1,0,1,1.093,569
0,6,20,1,0,0,1,1.093,569
1,6,18,1,0,1,0,1.093,570
1,4,21,1,0,1,0,1.117,571
0,6,16,1,0,0,0,1.117,572
1,3,28,1,0,1,1,1.117,573
1,3,27,1,0,0,1,1.117,574
0,6,36,1,0,0,0,1.117,575
0,6,15,1,0,0,0,1.117,575
1,4,23,1,0,0,1,1.117,576
0,0,46,1,0,0,0,1.117,577
0,6,37,1,0,0,1,1.117,578
0,5,15,1,0,0,0,1.117,578
1,8,25,1,0,0,0,1.117,579
0,5,30,1,0,0,1,1.117,580
1,7,27,1,0,1,1,1.117,581
1,0,30,1,0,1,1,1.117,582
0,3,19,1,0,1,1,1.117,583
1,0,35,1,1,0,0,1.166,584
1,5,23,1,0,0,0,1.166,585
1,0,35,1,1,0,1,1.166,586
1,6,23,1,0,1,1,1.166,587
1,0,27,1,0,0,0,1.166,588
1,0,23,1,0,0,1,1.166,589
1,5,20,1,0,1,0,1.166,590
1,6,43,1,0,0,1,1.166,591
0,7,18,1,0,1,0,1.166,591
1,0,47,1,0,0,0,1.166,592
0,6,24,1,0,0,0,1.166,592
1,0,35,1,0,0,0,1.166,593
0,7,16,1,0,0,0,1.166,593
1,7,19,1,0,0,0,1.215,594
1,0,43,1,0,0,1,1.215,595
1,7,27,1,0,0,0,1.215,596
1,0,32,1,0,0,1,1.215,597
1,0,27,1,1,0,1,1.215,598
1,0,24,1,0,1,0,1.215,599
1,3,29,1,0,1,0,1.215,600
1,7,27,1,0,0,1,1.215,601
0,5,24,1,0,0,1,1.215,602
0,0,48,1,0,0,1,1.215,603
1,5,19,1,0,1,0,1.215,603
0,9,16,1,0,0,1,1.215,603
1,0,32,1,0,0,0,1.215,604
0,7,16,1,0,0,1,1.215,604
1,0,47,1,0,0,1,1.215,605
1,5,26,1,0,1,0,1.215,606
1,0,31,1,0,0,1,1.215,607
1,0,31,1,0,1,0,1.215,608
0,5,30,1,0,0,0,1.215,609
1,0,27,1,0,0,1,1.215,610
1,0,44,1,0,0,0,1.215,611
0,4,39,1,0,0,0,1.05,612
1,4,22,1,1,0,0,1.05,613
1,7,45,1,0,0,1,1.05,614
0,4,15,1,0,0,0,1.05,614
1,4,26,1,1,0,1,1.05,615
1,7,42,1,0,1,0,1.05,616
1,6,45,1,0,0,0,1.05,617
1,7,15,1,0,0,1,1.05,617
1,8,33,1,0,0,0,1.05,618
0,5,15,1,0,0,0,1.05,618
0,4,24,1,1,0,0,1.051,619
1,4,37,1,0,0,0,1.051,620
0,6,16,1,0,0,1,1.051,620
0,5,27,1,0,1,1,1.051,621
1,7,20,1,1,0,0,1.051,622
1,3,26,1,0,0,1,1.051,623
1,0,28,1,0,0,1,1.051,624
1,7,19,1,0,1,0,1.051,625
1,6,24,1,0,1,1,1.051,626
1,0,48,1,0,0,1,1.051,627
1,0,29,1,0,0,1,1.051,628
1,6,45,1,0,0,1,1.051,629
1,2,35,1,0,1,1,1.051,630
1,1,48,1,0,0,0,1.051,631
1,3,23,1,0,1,0,1.051,632
0,4,26,1,0,1,0,1.051,633
1,6,25,1,0,1,0,1.051,634
1,6,26,1,0,0,0,1.051,635
0,15,21,1,0,0,1,1.077,636
1,0,42,1,0,1,0,1.077,637
0,0,24,1,0,1,0,1.077,638
1,0,37,1,0,1,1,1.077,639
0,14,17,1,0,0,0,1.077,639
0,5,15,1,0,0,0,1.077,639
1,10,37,1,0,0,1,1.077,640
1,3,32,1,0,0,0,1.077,641
1,6,31,1,1,0,1,1.077,642
1,5,20,1,1,0,1,1.077,643
1,0,42,1,0,0,0,1.077,644
1,0,30,1,0,0,0,1.077,645
1,0,40,1,1,0,0,1.077,646
1,2,20,1,0,0,0,1.077,646
1,1,31,1,0,0,1,1.077,647
0,3,15,1,0,0,0,1.077,647
1,5,19,1,0,0,0,1.077,648
0,5,16,1,0,0,0,1.077,648
0,6,31,1,0,0,1,1.077,649
1,1,20,1,1,0,0,1.077,650
0,5,28,1,0,0,1,1.077,651
1,4,21,1,0,0,0,1.056,652
1,3,19,1,1,0,0,1.056,653
1,7,23,1,1,0,1,1.056,654
0,0,27,1,0,1,0,1.056,655
0,6,21,1,0,1,0,1.056,656
1,5,43,1,0,0,0,1.056,657
1,4,16,1,0,1,0,1.056,658
1,5,30,1,0,1,0,1.081,659
1,6,37,1,0,0,0,1.081,660
1,6,16,1,0,0,0,1.081,660
0,0,25,1,0,1,0,1.081,661
1,11,24,1,0,0,0,1.081,662
1,5,20,1,0,0,0,1.057,663
0,4,16,1,0,0,0,1.057,663
0,4,20,1,0,0,0,1.057,664
1,3,22,1,1,0,0,1.057,665
0,6,15,1,0,0,1,1.057,666
1,4,33,1,0,0,1,1.057,667
0,3,29,1,0,1,0,1.057,667
1,0,36,1,0,0,0,1.069,668
1,0,35,1,0,0,1,1.069,669
1,0,37,1,0,0,0,1.069,670
1,5,29,1,0,0,1,1.069,671
1,7,15,1,0,0,1,1.069,671
0,7,32,1,0,0,1,1.069,672
1,1,24,1,1,0,1,1.069,673
1,3,30,1,0,1,1,1.069,674
0,0,39,1,0,0,1,1.069,675
1,11,21,1,0,0,1,1.069,675
0,6,40,1,0,0,0,1.069,676
1,1,36,1,0,1,0,1.069,677
0,3,16,1,0,0,1,1.069,677
1,1,30,1,0,0,1,1.069,678
1,4,32,1,0,0,0,1.092,679
1,3,25,1,1,0,1,1.092,680
0,2,22,1,1,0,1,1.092,681
1,0,28,1,0,0,1,1.092,682
0,3,41,1,0,0,0,1.092,683
0,2,27,1,0,0,1,1.092,684
1,5,21,1,0,0,1,1.092,685
1,5,17,1,0,0,1,1.092,685
1,0,23,1,0,0,1,1.029,686
1,6,17,1,0,1,1,1.029,687
1,6,24,1,0,1,1,1.029,688
0,3,22,1,0,1,1,1.029,689
1,4,15,1,0,0,1,1.029,689
1,2,30,1,0,1,0,1.029,690
0,3,43,1,0,0,1,1.029,691
0,0,32,1,0,0,1,1.029,692
1,9,20,1,0,1,0,1.029,693
1,3,30,1,0,0,1,1.029,694
0,1,36,1,0,0,1,1.029,695
1,5,20,1,0,1,1,1.029,695
1,5,18,1,0,1,1,1.029,696
1,3,30,1,0,0,0,1.029,697
1,0,38,1,0,0,1,1.029,698
0,2,23,1,0,1,1,1.029,699
1,0,40,1,0,0,1,0.939,700
1,5,16,1,0,0,1,0.939,700
1,6,21,1,0,1,1,0.939,701
1,6,41,1,0,1,1,0.939,702
1,4,35,1,0,0,1,0.939,703
0,7,26,1,0,0,1,0.939,704
0,6,15,1,0,0,1,0.939,704
1,5,37,1,0,0,0,0.939,705
1,7,17,1,0,1,0,0.939,705
1,0,34,1,0,0,0,0.939,706
1,5,31,1,1,0,1,0.939,707
0,3,47,1,0,0,1,0.939,708
1,2,34,1,0,1,1,0.939,709
1,14,19,1,0,0,1,0.939,709
1,7,17,1,0,0,0,0.939,709
1,5,16,1,0,0,1,0.939,709
1,1,35,1,0,0,0,0.939,710
0,5,15,1,0,0,1,0.939,710
1,0,45,1,0,0,1,0.939,711
1,5,23,1,0,0,1,0.939,712
1,7,21,1,1,0,1,0.939,713
1,0,28,1,0,1,0,0.939,714
1,0,37,1,0,0,1,1.086,715
0,7,18,1,0,0,0,1.086,715
1,9,31,1,0,0,1,1.086,716
1,7,15,1,0,0,1,1.086,716
1,5,26,1,0,1,1,1.086,717
1,2,41,1,0,0,1,1.086,718
0,6,25,1,1,0,1,1.086,719
0,3,35,1,0,0,0,1.086,720
0,15,23,1,0,0,0,1.086,720
1,14,23,1,0,0,1,1.086,720
1,7,26,1,0,0,0,1.086,721
0,7,27,1,0,0,0,1.086,722
1,7,22,1,0,1,0,1.086,723
1,6,23,1,1,0,0,1.086,724
0,0,39,1,0,0,0,1.086,725
0,6,21,1,1,0,1,1.086,725
1,6,25,1,0,1,0,1.086,726
0,2,28,1,0,0,1,1.086,727
1,5,39,1,0,0,0,1.086,728
0,11,23,1,0,0,1,1.086,729
0,5,16,1,0,0,0,1.086,729
1,9,30,1,1,0,0,1.086,730
1,5,25,1,1,0,1,1.031,731
1,5,40,1,0,0,0,1.031,732
1,1,35,1,0,0,0,1.031,733
1,7,47,1,0,0,0,1.031,734
1,6,23,1,0,0,0,1.031,735
1,7,27,1,0,0,0,1.031,736
1,0,36,1,0,0,0,1.031,737
1,2,29,1,0,1,0,1.031,738
0,0,45,1,0,0,1,1.031,739
1,6,17,1,0,0,0,1.031,739
1,5,15,1,0,0,1,1.031,739
1,0,45,1,0,0,0,1.031,740
0,6,19,1,1,0,0,1.031,740
1,7,20,1,0,0,0,1.031,741
0,0,37,1,0,0,1,1.031,742
0,2,35,1,0,0,0,1.031,743
1,4,43,1,0,0,0,1.048,744
1,5,27,1,0,0,1,1.048,744
1,4,28,1,0,0,0,1.048,745
1,3,36,1,0,0,0,1.048,746
0,5,17,1,0,0,1,1.048,746
0,5,16,1,0,0,0,1.048,746
0,5,21,1,0,0,0,1.048,747
1,0,38,1,0,0,0,1.048,748
1,7,24,1,0,1,0,1.048,749
1,0,28,1,0,0,0,1.048,750
1,5,29,1,0,1,0,1.048,751
1,6,32,1,0,0,1,1.048,752
0,16,25,1,0,0,1,1.048,753
1,4,40,1,1,0,0,1.048,754
0,6,45,1,0,0,0,1.048,755
0,10,22,1,0,0,1,1.048,756
0,7,20,1,0,0,0,1.048,756
1,5,38,1,0,0,1,1.048,757
1,6,18,1,0,1,0,1.048,757
1,4,16,1,0,0,0,1.048,757
1,0,40,1,0,1,1,1.048,758
1,6,43,1,0,0,1,1.048,759
0,11,21,1,0,0,1,1.048,759
1,4,48,1,0,0,1,1.048,760
1,6,26,1,0,1,0,1.048,760
1,2,32,1,0,1,1,1.048,761
1,11,40,1,0,0,1,1.048,762
0,11,18,1,0,0,1,1.048,762
0,7,16,1,0,0,0,1.048,762
1,6,30,1,1,0,1,1.048,763
1,5,26,1,0,1,1,1.048,764
1,6,24,1,0,1,1,1.048,765
1,0,45,1,0,0,0,1.183,766
0,6,22,1,0,0,0,1.183,766
0,4,15,1,0,0,0,1.183,766
0,6,18,1,0,0,0,1.183,766
0,9,16,1,1,0,0,1.183,766
1,0,24,1,0,0,0,1.183,767
0,5,15,1,0,0,0,1.183,768
1,5,21,1,0,0,0,1.183,769
1,2,41,1,0,0,0,1.183,770
0,6,17,1,0,1,1,1.183,770
1,6,20,1,0,1,0,1.183,771
1,7,17,1,0,1,0,1.183,771
1,5,19,1,0,1,0,1.183,772
0,7,26,1,0,0,0,1.183,773
0,9,16,1,0,0,0,1.183,773
1,9,16,1,0,0,0,1.183,774
1,5,32,1,0,0,1,1.183,775
0,7,16,1,0,0,0,1.183,775
1,7,39,1,0,0,0,1.183,776
1,6,20,1,0,1,0,1.183,777
1,0,38,1,1,0,1,1.183,778
0,6,19,1,0,0,0,1.183,778
0,6,15,1,0,0,0,1.183,778
1,6,19,1,0,1,0,1.183,779
1,0,33,1,0,0,0,1.183,780
1,5,34,1,0,0,1,0.988,781
1,5,21,1,0,1,1,0.988,782
0,0,42,1,0,0,0,0.988,783
1,0,21,1,0,0,0,0.988,783
1,3,31,1,0,0,0,0.988,784
1,5,47,1,0,0,1,0.988,785
0,7,18,1,0,0,1,0.988,785
1,0,27,1,1,0,1,0.988,786
1,3,32,1,0,0,1,1.06,787
1,6,37,1,0,0,0,1.06,788
0,3,15,1,0,0,0,1.06,788
1,7,19,1,0,0,1,1.06,789
1,11,25,1,0,0,1,1.06,790
1,8,22,1,1,0,1,1.06,791
0,0,40,1,0,0,1,1.06,792
0,7,15,1,0,0,1,1.06,792
1,2,46,1,0,0,0,1.06,793
0,11,27,1,0,0,0,1.06,793
1,0,38,1,0,0,0,1.06,794
0,0,30,1,0,0,1,1.06,794
0,16,26,1,0,0,1,1.06,794
0,0,48,1,0,0,1,1.06,795
1,7,26,1,0,0,0,1.06,795
1,0,29,1,0,0,1,1.06,796
1,0,46,1,0,0,1,1.06,797
1,6,23,1,0,1,1,1.06,798
1,0,35,1,0,0,1,1.06,799
1,2,40,1,0,0,1,1.06,800
1,0,23,1,0,0,1,1.021,801
1,0,33,1,0,1,0,1.021,802
0,0,47,1,0,0,1,1.021,803
1,4,35,1,0,1,1,1.021,804
1,0,27,1,0,1,1,1.021,805
0,6,23,1,0,0,1,1.021,806
0,0,40,1,0,0,0,1.021,807
1,0,24,1,0,0,1,1.021,808
1,2,22,1,0,1,1,1.021,809
1,7,15,1,0,0,0,1.021,810
0,0,28,1,0,0,1,1.021,811
1,1,33,1,0,0,1,1.021,812
1,4,25,1,0,1,1,1.03,813
1,7,19,1,1,0,0,1.03,814
0,7,15,1,0,0,1,1.03,814
1,6,29,1,0,0,1,1.03,815
1,3,30,1,0,1,1,1.03,816
1,2,28,1,1,0,0,1.03,817
1,3,24,1,0,1,1,1.03,818
0,0,31,1,0,0,1,1.03,819
0,0,29,1,0,0,1,1.03,820
1,5,28,1,0,0,0,1.03,821
1,2,27,1,0,0,1,1.079,822
1,4,40,1,0,0,1,1.079,823
1,0,17,1,0,1,0,1.079,823
1,0,48,1,0,1,1,1.079,824
0,3,15,1,0,0,0,1.079,824
1,3,38,1,0,0,0,1.079,825
0,3,15,1,0,0,0,1.079,825
0,0,39,1,0,0,1,1.079,826
0,15,37,1,0,0,1,1.079,827
0,9,22,1,0,0,1,1.079,827
1,2,37,1,0,0,0,1.079,828
1,9,24,0,0,0,1,1.149,829
1,11,18,0,0,0,1,1.149,829
1,7,22,0,0,0,1,1.149,830
1,13,42,0,0,0,1,1.149,831
1,11,18,0,0,0,1,1.149,832
1,7,31,0,0,1,1,1.149,833
1,10,32,0,0,0,1,1.149,834
1,9,33,0,0,1,1,1.149,835
0,7,16,0,0,0,1,1.149,836
0,11,36,0,0,1,1,1.149,837
1,9,32,0,0,0,1,1.149,838
1,0,35,0,0,1,0,1.149,839
1,5,20,1,0,1,1,1.37,840
0,0,20,1,0,0,1,1.37,841
1,0,30,1,0,1,0,1.37,842
0,0,30,1,1,0,1,1.37,843
1,3,42,1,0,0,1,1.37,844
1,10,18,1,0,0,0,1.37,844
0,6,17,1,0,0,1,1.37,845
1,5,19,1,1,0,1,1.37,846
1,0,40,1,0,0,1,1.37,847
0,2,27,1,0,0,1,1.37,848
1,7,27,1,0,0,1,1.319,849
0,5,42,1,0,0,1,1.319,850
0,3,20,1,0,1,0,1.319,851
1,0,17,1,0,0,0,1.319,852
0,6,33,1,0,1,1,1.319,853
0,7,25,1,0,1,1,1.186,854
0,3,27,1,0,0,1,1.186,855
0,9,17,1,0,0,1,1.186,855
1,16,29,1,0,0,1,1.186,856
0,4,25,1,0,0,1,1.186,857
1,3,35,1,0,0,0,1.296,858
0,4,30,1,0,1,1,1.296,859
1,8,30,1,0,0,0,1.296,860
1,0,25,1,0,1,0,1.468,861
1,5,29,1,1,0,1,1.468,862
0,0,28,1,0,0,1,1.468,863
1,0,30,1,0,1,0,1.468,864
1,4,18,1,1,0,1,1.468,865
1,0,45,1,0,0,1,1.468,866
1,11,36,1,0,0,0,1.468,867
1,6,22,1,0,0,1,1.468,868
1,11,29,1,0,1,1,1.053,869
0,7,26,1,0,1,1,1.31,870
1,10,20,1,1,0,0,1.31,871
1,0,35,1,0,0,1,1.31,872
1,13,22,1,0,1,1,1.31,873
1,6,15,1,0,0,0,1.31,873
0,0,23,1,0,0,0,1.368,874
1,5,21,1,0,1,1,1.368,875
0,5,23,1,0,1,1,1.368,876
1,4,25,1,0,0,0,1.368,877
1,2,26,1,1,0,1,1.368,878
1,7,26,1,0,1,1,1.368,879
1,0,34,1,0,0,1,1.368,880
1,7,15,1,0,0,1,1.368,880
0,3,46,1,0,0,1,1.368,881
1,0,36,1,0,1,0,1.368,882
1,7,38,1,0,0,1,1.368,883
1,7,17,1,0,0,0,1.368,883
1,1,18,1,1,0,0,1.368,884
0,0,28,1,0,1,0,1.368,885
1,4,26,1,0,0,1,1.368,886
1,7,16,1,0,0,0,1.368,887
0,5,24,1,0,0,1,1.368,888
1,6,18,1,1,0,1,1.368,889
1,0,29,1,0,0,0,1.368,890
1,0,32,1,1,0,1,1.368,891
1,0,27,1,0,0,0,1.368,892
1,3,20,1,1,0,1,1.368,893
0,0,41,1,0,1,1,1.368,894
0,6,41,1,0,0,1,1.477,895
1,4,27,1,0,0,0,1.477,896
1,5,20,1,0,1,1,1.477,897
1,2,34,1,0,0,1,1.477,898
0,6,16,1,0,0,0,1.477,898
1,6,45,1,0,0,1,1.477,899
1,2,44,1,0,0,1,1.477,900
1,3,25,1,0,1,1,1.477,900
0,6,16,1,0,0,1,1.477,900
1,1,25,1,0,0,1,1.477,901
1,3,28,1,0,1,0,1.22,902
1,7,39,1,0,0,1,1.22,903
1,6,25,1,1,0,0,1.22,904
1,9,23,1,0,0,1,0.63,905
1,5,28,1,0,0,0,0.63,905
1,4,23,1,0,0,1,0.63,906
1,11,28,1,0,0,1,0.63,907
1,3,27,1,0,0,1,0.63,908
0,8,22,1,0,0,1,1.089,909
0,6,16,1,0,0,1,1.089,909
1,8,25,1,0,0,1,1.089,910
1,2,21,1,0,1,1,1.089,911
1,6,39,1,0,0,1,1.089,912
1,3,39,1,0,0,0,1.089,913
1,15,29,1,0,0,1,1.085,914
0,7,18,1,1,0,1,1.085,915
1,1,30,1,1,0,0,1.085,916
1,5,32,1,0,1,0,1.085,917
0,4,16,1,0,0,1,1.085,917
1,5,41,1,0,0,1,0.952,918
1,9,19,1,0,0,1,1.133,919
1,5,28,1,0,1,1,1.133,920
1,6,30,1,1,0,1,1.133,921
1,0,48,1,0,0,0,1.133,922
1,6,34,1,0,1,1,1.133,923
1,8,16,1,0,0,0,1.133,924
1,8,27,1,1,0,0,1.133,925
0,0,47,1,0,0,1,1.133,926
1,7,23,1,0,1,0,1.133,927
1,1,27,1,0,1,0,1.133,928
0,6,23,1,1,0,1,1.127,929
1,3,29,1,1,0,1,1.127,930
1,5,26,1,1,0,1,1.127,931
1,5,25,1,0,0,1,1.127,932
0,3,46,1,0,0,1,1.127,933
1,6,24,1,0,0,1,1.127,933
0,7,40,1,0,0,1,1.127,934
0,3,23,1,0,0,1,1.127,935
1,15,25,1,0,1,1,1.127,936
1,11,29,1,0,0,1,1.127,937
0,0,25,1,0,0,1,1.127,937
1,7,41,1,0,0,1,1.127,938
1,3,21,1,0,0,1,1.127,939
1,3,39,1,0,0,0,1.127,940
1,7,25,1,1,0,1,1.127,941
1,6,24,1,0,0,1,1.09,942
0,7,36,1,0,0,1,1.09,943
1,9,20,1,0,0,1,1.09,943
1,8,18,1,1,0,1,1.09,943
1,0,48,1,0,0,1,1.09,944
0,6,18,1,0,0,1,1.09,944
0,5,16,1,0,0,1,1.09,944
1,0,28,1,0,1,1,1.09,945
1,6,27,1,1,0,1,1.09,946
1,2,30,1,0,1,0,1.09,947
1,9,20,1,0,1,1,1.09,948
1,4,36,1,0,0,1,1.09,949
1,5,15,1,0,0,0,1.09,949
1,3,35,1,0,0,1,1.09,950
1,3,28,1,1,0,1,1.09,950
1,3,20,1,0,0,1,1.09,951
1,0,42,1,0,0,1,1.09,952
0,6,25,1,0,0,0,1.09,952
0,6,16,1,0,0,1,1.09,952
1,6,24,1,0,0,1,1.09,953
1,1,34,1,0,0,1,1.09,954
1,3,36,1,0,0,1,1.09,955
0,6,15,1,0,0,1,1.09,955
1,7,25,1,1,0,1,1.09,956
1,4,22,1,0,1,1,1.09,957
1,6,28,1,0,0,0,1.09,958
1,6,28,1,0,0,1,1.09,959
1,0,46,1,0,0,1,1.09,960
0,5,16,1,0,0,0,1.09,960
1,7,20,1,0,0,1,1.09,961
1,3,19,1,0,0,0,1.095,962
1,5,22,1,0,0,1,1.095,963
1,0,36,1,0,0,0,1.095,964
1,0,43,1,0,0,1,1.095,965
1,5,20,1,1,0,0,1.095,966
1,9,18,1,1,0,1,1.095,967
1,4,21,1,1,0,1,1.095,968
1,6,17,1,0,0,0,1.095,969
0,4,25,1,0,1,0,1.095,969
1,3,29,1,1,0,0,1.095,970
1,0,29,1,0,0,1,1.095,971
1,0,32,1,0,0,1,1.095,972
0,8,27,1,0,0,1,1.095,973
1,0,44,1,0,0,0,1.095,974
1,0,24,1,1,0,1,1.095,975
0,1,27,1,0,0,0,1.095,976
0,3,20,1,0,0,1,1.095,977
1,2,30,1,1,0,1,1.095,978
1,9,22,1,0,1,1,1.077,979
1,0,36,1,1,0,1,1.077,980
1,9,30,1,0,0,1,1.077,981
1,10,27,1,1,0,1,1.077,982
1,15,33,1,0,1,1,1.077,983
0,2,29,1,0,0,0,1.077,984
1,2,30,1,0,0,1,1.077,985
1,4,32,1,0,1,1,1.077,986
1,1,39,1,0,0,0,1.077,987
1,6,17,1,0,0,0,1.077,987
1,2,32,1,0,0,1,1.679,988
1,1,28,1,0,0,0,1.679,989
1,0,17,1,0,0,0,1.679,990
1,0,17,1,0,0,0,1.679,991
1,0,20,1,0,1,0,1.679,992
0,1,15,1,0,0,0,1.679,993
1,0,38,1,0,1,0,1.679,994
1,1,18,1,0,0,0,1.679,994
1,0,18,1,0,1,1,1.679,995
1,0,25,1,0,1,1,1.679,996
1,0,23,1,0,0,0,1.679,997
1,0,25,1,0,1,1,1.679,998
1,0,17,1,0,0,0,1.679,999
1,0,18,1,0,0,1,1.679,1000
1,7,16,1,0,0,0,1.679,1001
0,0,18,1,0,0,0,1.679,1002
1,0,24,1,1,0,1,1.679,1003
1,2,28,1,0,1,0,1.679,1004
1,0,30,1,0,0,0,1.679,1005
0,4,39,1,0,0,1,1.521,1006
1,0,30,1,0,1,0,1.521,1007
0,2,32,1,0,0,0,1.521,1008
1,4,17,1,0,0,1,1.521,1009
1,3,29,1,0,0,0,1.521,1010
1,7,35,1,0,0,1,1.521,1011
1,1,34,1,0,0,1,1.521,1012
1,0,24,1,0,1,0,1.521,1012
1,0,20,1,0,0,0,1.521,1013
1,11,22,1,0,0,1,1.521,1014
0,0,23,1,0,0,1,1.521,1014
1,0,41,1,0,0,1,1.521,1015
1,0,28,1,0,1,1,1.232,1016
1,0,32,1,1,0,0,1.232,1017
1,0,33,1,0,0,0,1.232,1018
1,0,41,1,0,0,1,1.232,1019
0,0,17,1,0,0,0,1.232,1019
1,0,25,1,0,1,1,1.232,1020
1,0,29,1,1,0,1,1.232,1021
1,0,45,1,0,0,0,1.232,1022
0,0,15,1,0,0,0,1.232,1022
1,0,19,1,0,0,1,1.232,1023
0,0,16,1,0,0,0,1.232,1024
1,0,40,1,0,0,0,1.232,1025
1,0,16,1,0,0,0,1.232,1025
1,0,37,1,0,0,1,1.232,1026
1,0,26,1,0,0,0,1.232,1027
1,0,25,1,0,1,0,1.232,1028
1,0,44,1,0,0,0,1.232,1029
0,0,16,1,0,0,1,1.232,1029
1,0,27,1,1,0,1,1.232,1030
1,0,27,1,1,0,0,1.232,1031
0,0,28,1,0,0,1,1.152,1032
1,4,27,1,0,1,0,1.152,1033
1,0,38,1,0,1,1,1.152,1034
0,5,16,1,0,0,0,1.152,1034
1,0,37,1,0,0,1,1.152,1035
1,0,49,1,0,0,1,1.152,1036
1,0,44,1,0,0,1,1.152,1037
0,0,30,1,0,0,1,1.187,1038
1,0,40,1,0,0,1,1.187,1039
0,0,24,1,1,0,1,1.187,1040
1,4,18,1,0,0,0,1.187,1040
0,0,43,1,0,0,1,1.187,1041
0,1,16,1,0,0,0,1.187,1041
1,0,26,1,0,1,0,1.187,1042
1,0,19,1,0,0,1,1.187,1043
1,3,29,1,0,1,1,1.187,1044
1,0,38,1,0,0,1,1.187,1045
0,4,18,1,0,0,0,1.187,1045
1,0,29,1,0,1,0,1.187,1046
1,3,24,1,0,1,1,1.187,1047
0,2,17,1,0,1,0,1.187,1047
1,0,24,1,0,1,1,1.187,1048
1,15,23,1,1,0,1,1.141,1049
1,3,38,1,0,1,0,1.141,1049
1,10,17,1,0,0,0,1.141,1049
1,6,16,1,0,0,1,1.141,1050
1,1,28,1,0,0,1,1.141,1051
1,2,21,1,0,1,1,1.141,1052
1,0,30,1,0,0,0,1.141,1053
1,0,23,1,0,0,0,1.141,1054
1,2,35,1,0,0,1,1.141,1055
1,0,27,1,0,0,0,1.141,1056
1,0,20,1,0,1,0,1.141,1057
1,9,35,1,0,0,1,1.126,1058
1,0,26,1,1,0,1,1.126,1059
1,4,28,1,0,1,0,1.126,1060
1,4,24,1,0,0,0,1.126,1061
1,8,25,1,1,0,1,1.126,1062
1,0,35,1,0,0,1,1.126,1063
1,0,34,1,0,0,1,1.126,1064
1,6,29,1,0,0,1,1.126,1065
1,5,20,1,0,1,0,1.126,1066
0,5,16,1,0,0,1,1.126,1066
1,3,21,1,0,1,0,1.126,1067
1,2,30,1,0,1,1,1.126,1067
1,0,36,1,0,0,0,1.126,1068
0,7,42,1,0,0,1,1.126,1069
1,6,18,1,0,0,0,1.126,1069
1,2,35,1,1,0,0,1.126,1070
1,4,28,1,0,0,0,1.126,1071
0,6,24,1,0,0,1,1.126,1072
1,0,37,1,0,1,1,1.126,1073
1,6,33,1,0,0,1,1.126,1074
1,5,15,1,0,0,1,1.126,1074
0,4,34,1,0,0,1,1.126,1075
1,6,16,1,0,0,0,1.126,1075
1,7,35,1,1,0,0,1.126,1076
0,6,15,1,0,0,1,1.126,1076
0,6,38,1,0,0,1,1.126,1077
1,6,38,1,0,0,1,1.126,1078
1,9,16,1,0,0,0,1.126,1078
1,6,17,1,0,0,1,1.078,1079
1,5,46,1,0,0,0,1.078,1080
0,9,24,1,0,0,1,1.078,1081
1,15,20,1,0,1,1,1.078,1081
0,10,19,1,0,0,0,1.078,1081
1,0,29,1,0,0,1,1.078,1082
1,3,44,1,0,0,1,1.078,1083
1,9,22,1,0,1,1,1.078,1083
1,6,23,1,0,0,0,1.078,1084
1,0,48,1,0,0,0,1.078,1085
0,0,36,1,0,0,1,1.078,1086
1,4,34,1,0,0,1,1.078,1087
1,7,16,1,0,0,1,1.078,1087
1,0,48,1,0,0,1,1.078,1088
1,4,35,1,0,1,1,1.078,1089
1,0,30,1,0,0,1,1.078,1090
1,6,39,1,0,1,0,1.078,1091
0,0,26,1,0,1,1,1.078,1092
1,5,25,1,1,0,1,1.078,1093
1,5,32,1,0,0,1,1.078,1094
1,7,30,1,0,1,1,1.078,1094
1,7,22,1,0,0,1,1.078,1094
1,5,23,1,0,0,1,1.078,1095
1,10,27,0,0,1,1,1.114,1096
1,7,49,0,0,0,1,1.114,1097
1,15,29,0,0,0,1,1.114,1097
1,9,19,0,1,0,1,1.114,1098
1,7,29,0,0,1,1,1.114,1099
1,11,30,0,0,1,1,1.114,1100
1,12,29,0,0,0,1,1.114,1101
1,6,37,0,0,0,1,1.114,1102
1,9,32,0,0,1,1,1.114,1103
1,11,22,0,0,1,1,1.114,1104
1,8,45,0,0,0,1,1.114,1105
1,9,32,0,0,1,1,1.114,1106
1,5,18,0,0,0,1,1.114,1106
0,3,16,0,0,0,1,1.114,1106
0,11,43,0,0,0,1,1.114,1107
0,6,35,0,0,0,1,1.114,1107
0,0,38,0,0,0,1,1.114,1108
0,8,16,0,0,0,1,1.114,1108
1,10,45,0,0,0,1,1.114,1109
1,9,17,0,0,0,1,1.114,1109
1,11,23,0,0,0,1,1.114,1109
1,4,16,0,0,0,1,1.114,1109
1,2,25,0,0,0,1,1.114,1109
1,7,15,0,0,0,1,1.114,1109
0,6,34,0,0,0,1,1.114,1109
1,6,18,1,0,0,1,1.095,1110
0,7,34,1,0,0,1,1.095,1111
1,7,23,1,0,1,0,1.095,1111
1,11,30,1,0,0,0,1.095,1111
1,7,29,1,0,0,1,1.095,1112
1,0,41,1,0,1,1,1.095,1113
1,13,26,1,0,0,1,1.095,1114
0,9,23,1,1,0,1,1.095,1114
1,0,22,1,0,0,0,1.095,1115
1,3,35,1,0,0,1,1.095,1116
1,6,22,1,0,0,1,1.095,1117
0,6,32,1,0,0,0,1.095,1118
1,5,20,1,0,0,0,1.095,1119
0,5,22,1,1,0,1,1.095,1120
1,3,22,1,1,0,1,1.095,1121
1,0,40,1,1,0,0,1.095,1122
1,5,19,1,1,0,1,1.095,1123
1,7,24,1,1,0,1,1.036,1124
1,0,33,1,0,0,0,1.036,1125
1,2,40,1,0,0,1,1.036,1126
0,0,42,1,0,0,1,1.036,1127
1,6,21,1,0,1,1,1.036,1128
1,2,28,1,0,0,1,1.036,1129
0,3,29,1,0,1,1,1.036,1130
1,5,25,1,0,1,1,1.036,1131
1,7,17,1,0,0,0,1.036,1131
1,6,15,1,0,0,0,1.036,1131
1,2,40,1,0,0,1,1.036,1132
1,6,20,1,0,0,1,1.036,1132
0,10,18,1,0,0,1,1.036,1132
0,3,26,1,0,0,1,1.036,1133
0,2,36,1,0,0,1,1.036,1134
1,4,26,1,0,1,1,1.036,1135
1,7,37,1,0,0,1,1.036,1136
1,12,21,1,0,1,1,1.036,1136
1,5,25,1,0,0,1,1.036,1137
1,5,27,1,0,0,1,1.036,1138
1,2,40,1,0,0,1,1.036,1139
1,5,17,1,0,0,1,1.036,1140
1,4,30,1,0,0,0,1.103,1141
1,11,22,1,0,0,1,1.103,1142
1,6,18,1,0,0,0,1.103,1143
1,2,33,1,0,1,1,1.103,1144
1,6,27,1,0,1,1,1.103,1145
1,4,30,1,0,0,1,1.103,1146
1,4,29,1,0,0,0,1.103,1147
0,15,27,1,0,0,1,1.103,1148
1,8,17,1,0,0,1,1.103,1149
1,15,47,1,0,0,1,1.103,1150
1,13,21,1,0,0,1,1.103,1150
1,9,15,1,0,0,1,1.103,1150
1,9,18,1,0,0,1,1.103,1150
1,14,21,1,0,1,1,1.103,1151
1,7,20,1,0,1,0,1.103,1152
0,15,26,1,0,0,1,1.483,1153
1,9,31,1,1,0,1,1.483,1154
1,16,27,1,0,0,1,1.483,1155
1,11,20,1,0,0,1,1.483,1156
1,14,32,1,0,0,1,1.483,1157
1,11,25,1,0,0,1,1.483,1158
0,10,17,1,0,0,1,1.483,1158
0,6,34,1,0,0,0,1.616,1159
1,5,28,1,0,0,1,1.616,1160
0,7,18,1,0,0,1,1.616,1160
0,0,45,1,0,0,1,1.616,1161
0,15,40,1,0,0,1,1.616,1162
1,6,17,1,0,0,1,1.616,1163
0,8,15,1,0,0,1,1.616,1163
0,9,18,1,0,0,1,1.616,1164
0,7,16,1,0,0,0,1.616,1164
1,4,23,1,0,1,1,1.616,1165
0,11,23,1,0,0,0,1.552,1166
1,6,28,1,0,0,1,1.552,1167
0,4,15,1,0,0,1,1.552,1167
1,6,29,1,0,1,0,1.552,1168
1,0,40,1,0,0,0,1.552,1169
0,7,24,1,0,0,1,1.552,1169
1,7,17,1,0,0,1,1.552,1169
1,6,40,1,0,0,1,1.552,1170
1,1,18,1,0,0,1,1.552,1170
0,0,38,1,0,1,1,1.552,1171
1,11,37,1,0,0,1,1.552,1172
1,15,32,1,0,0,1,1.552,1173
0,0,36,1,0,0,1,1.552,1174
0,0,30,1,1,0,1,1.552,1175
1,0,25,1,0,1,0,1.552,1176
1,6,30,1,0,0,0,1.552,1177
1,6,38,1,0,0,1,1.567,1178
0,3,28,1,0,1,0,1.567,1179
1,15,37,1,0,0,0,1.567,1180
1,16,20,1,0,0,,1.567,1181
1,13,18,1,0,0,1,1.567,1181
0,9,15,1,0,0,0,1.567,1182
1,9,29,1,0,0,1,1.567,1183
1,8,25,1,1,0,0,1.567,1184
1,6,38,1,0,0,1,1.567,1185
0,15,20,1,0,0,1,1.567,1185
1,5,32,1,0,1,1,1.567,1186
1,9,20,1,0,1,0,1.567,1187
0,3,36,1,0,0,1,1.567,1188
0,3,39,1,0,0,1,1.567,1188
1,1,39,1,0,0,0,2.003,1189
0,7,18,1,0,0,1,2.003,1189
1,6,24,1,0,1,0,2.003,1190
1,7,23,1,0,0,1,2.003,1191
0,11,23,1,0,0,1,2.003,1192
0,7,16,1,0,0,0,2.003,1192
1,0,46,1,0,0,0,2.003,1193
0,5,33,1,0,0,1,1.489,1194
1,6,20,1,0,1,0,1.489,1195
0,0,27,1,0,0,0,1.489,1196
0,3,17,1,0,0,1,1.489,1197
1,7,47,1,0,0,0,1.289,1198
0,6,23,1,1,0,1,1.289,1198
1,4,31,1,0,0,1,1.289,1199
1,11,19,1,0,0,1,1.289,1200
0,0,45,1,0,0,1,1.289,1201
1,7,25,1,0,0,1,1.289,1201
0,4,15,1,0,0,0,1.289,1201
1,9,35,0,0,0,0,1.448,1202
0,17,18,0,0,0,0,1.448,1202
1,16,27,0,0,1,1,1.448,1203
1,13,32,0,0,0,0,1.448,1204
1,9,19,0,0,0,0,1.448,1204
1,10,30,0,0,0,1,1.448,1204
1,4,37,0,0,0,0,1.448,1205
1,15,32,0,0,0,1,1.448,1206
1,4,31,1,0,0,1,1.338,1207
1,3,42,1,0,0,1,1.338,1208
0,9,18,1,0,0,1,1.338,1208
0,7,16,1,0,0,1,1.338,1208
1,4,38,1,0,0,0,1.338,1209
0,6,22,1,1,0,0,1.338,1210
1,9,26,1,1,0,1,1.338,1211
1,0,36,1,0,0,0,1.338,1212
0,4,23,1,0,1,0,1.338,1213
1,5,34,1,0,0,1,1.313,1214
1,0,27,1,0,0,0,1.313,1215
1,6,20,1,0,0,1,1.313,1216
1,0,34,1,0,0,1,1.313,1217
1,4,37,1,0,0,0,1.313,1218
1,0,47,1,0,0,0,1.313,1219
1,0,46,1,0,0,0,1.313,1220
0,7,24,1,0,0,1,1.313,1220
1,3,15,1,0,0,0,1.313,1220
1,6,34,1,0,0,1,1.313,1221
1,5,31,1,0,1,0,1.313,1222
1,6,23,1,0,0,0,1.313,1223
1,6,26,1,0,0,0,1.313,1224
0,5,24,1,0,0,1,1.313,1225
1,7,21,1,0,1,1,1.313,1226
1,1,17,1,0,1,1,1.313,1227
1,10,30,1,0,0,1,1.313,1228
0,3,18,1,0,1,1,1.313,1228
1,0,49,1,0,0,1,1.313,1229
1,7,27,1,1,0,0,1.313,1230
0,0,47,1,0,0,0,1.438,1231
0,6,25,1,0,0,1,1.438,1231
1,8,17,1,0,0,1,1.438,1231
0,9,19,1,0,0,1,1.438,1232
1,6,25,1,0,1,0,1.438,1232
1,6,23,1,0,0,1,1.438,1233
0,5,40,1,0,1,0,1.438,1234
1,7,27,1,1,0,1,1.438,1235
1,7,21,1,0,1,0,1.438,1236
1,5,44,1,0,0,1,1.344,1237
1,8,18,1,0,0,1,1.344,1238
0,2,22,1,1,0,1,1.344,1238
1,3,33,1,0,0,1,1.344,1239
1,0,31,1,1,0,1,1.344,1240
1,3,32,1,0,0,1,1.344,1241
1,2,36,1,0,0,1,1.344,1242
1,7,25,1,0,1,1,1.344,1243
1,3,37,1,0,0,1,1.344,1244
0,12,23,1,0,0,1,1.344,1244
1,8,23,1,0,0,1,1.621,1245
1,0,45,1,0,0,0,1.621,1246
0,2,15,1,0,0,0,1.621,1246
1,11,45,1,0,0,1,1.621,1247
0,11,19,1,0,0,1,1.621,1247
0,9,16,1,0,0,1,1.621,1247
1,7,23,1,1,0,1,1.621,1248
1,0,35,1,0,0,1,1.621,1249
1,6,38,1,0,0,0,1.621,1250
0,7,27,1,0,0,0,1.621,1251
0,11,19,1,0,0,1,1.621,1252
1,7,24,1,0,0,1,1.621,1253
1,7,18,1,0,0,1,1.364,1254
1,0,20,1,0,0,0,1.364,1255
0,7,18,1,0,0,1,1.364,1256
1,7,41,1,0,0,1,1.364,1257
0,9,15,1,0,0,0,1.364,1257
1,8,31,1,0,1,1,1.364,1258
0,10,17,1,0,0,1,1.364,1258
1,11,21,1,0,0,1,1.364,1259
1,10,19,1,0,0,1,1.364,1259
1,8,16,1,0,0,1,1.364,1259
1,11,41,1,0,0,1,1.364,1260
0,7,34,1,0,1,0,1.364,1261
1,6,30,1,0,1,1,1.364,1262
1,6,41,1,0,0,1,1.364,1263
0,6,17,1,0,0,1,1.364,1263
0,0,37,1,0,0,0,1.364,1264
0,5,15,1,0,0,0,1.364,1264
1,10,19,1,0,0,0,1.364,1265
1,6,20,1,0,1,0,1.364,1266
1,4,32,1,0,0,0,1.827,1267
1,5,45,1,0,0,0,1.827,1268
1,11,47,1,0,0,1,1.827,1269
0,7,43,1,0,0,1,1.827,1269
0,15,22,1,0,0,1,1.827,1269
0,9,18,1,0,0,1,1.827,1269
0,6,29,1,0,0,1,1.827,1270
1,1,29,1,0,0,0,1.827,1271
1,7,23,1,1,0,0,1.827,1272
0,7,16,1,0,0,1,1.827,1273
0,6,36,1,0,0,1,1.496,1274
1,5,27,1,0,0,0,1.496,1275
1,0,46,1,0,0,1,1.496,1276
0,6,17,1,0,0,1,1.496,1276
0,7,46,1,0,0,1,1.496,1277
0,2,40,1,0,0,0,1.496,1278
0,3,24,1,0,1,1,1.496,1278
0,9,32,1,0,1,0,1.496,1279
0,0,28,1,0,1,1,1.496,1280
1,5,21,1,0,1,0,1.496,1281
0,0,48,1,0,0,0,1.496,1282
0,5,24,1,1,0,1,1.496,1282
0,6,15,1,0,0,0,1.496,1283
1,6,45,1,0,0,1,1.496,1284
0,9,20,1,0,0,1,1.496,1284
0,0,48,1,0,0,1,1.496,1285
1,13,25,1,0,1,1,1.496,1285
1,6,38,1,0,1,0,1.496,1286
0,7,45,1,0,0,0,1.496,1286
1,11,29,0,0,0,1,0.816,1287
1,6,18,0,0,0,1,0.816,1287
1,7,46,0,0,0,1,0.816,1288
1,16,26,0,0,0,1,0.816,1288
1,8,20,0,0,0,0,0.816,1288
1,11,24,0,1,0,1,0.816,1289
1,0,36,0,0,0,1,0.816,1290
0,7,15,0,0,0,1,0.816,1290
1,5,23,0,0,0,1,0.816,1290
1,7,26,0,0,1,1,0.816,1291
1,0,40,0,0,0,1,0.816,1292
0,7,20,0,0,0,1,0.816,1293
1,8,25,0,0,0,1,0.816,1294
1,6,39,0,0,0,0,0.816,1295
1,16,30,0,0,0,1,0.816,1296
1,7,41,0,0,0,0,0.816,1297
1,4,43,1,0,0,1,0.808,1298
1,5,19,1,0,1,1,0.808,1299
1,6,37,1,0,0,0,0.808,1300
0,6,16,1,1,0,1,0.808,1300
1,9,32,1,0,0,1,0.808,1301
1,10,34,1,1,0,0,0.808,1302
1,0,22,1,0,0,0,0.808,1303
1,0,32,1,1,0,0,0.808,1303
1,2,28,1,0,1,0,0.808,1304
1,3,35,1,0,1,0,0.808,1305
1,6,39,1,0,0,1,0.808,1306
1,3,23,1,0,1,0,1.254,1307
1,5,22,1,0,1,1,1.254,1308
1,15,21,1,0,0,1,1.254,1308
0,16,30,1,0,0,1,1.254,1308
1,4,35,1,0,1,0,1.254,1309
0,4,15,1,0,0,1,1.254,1309
1,7,32,1,0,0,1,1.254,1310
1,0,35,1,0,0,1,1.254,1311
1,7,26,1,0,1,0,1.254,1312
1,5,23,1,1,0,0,1.254,1313
1,5,18,1,1,0,0,1.254,1314
1,0,20,1,1,0,1,1.254,1315
0,1,30,1,0,0,0,1.254,1316
0,3,22,1,0,1,0,1.254,1316
1,1,37,1,0,0,0,1.254,1317
0,5,16,1,0,0,0,1.254,1317
0,0,35,1,0,0,0,1.254,1318
0,4,15,1,0,0,0,1.254,1318
1,4,23,1,0,0,1,1.199,1319
1,4,30,1,0,0,0,1.199,1320
0,3,15,1,0,0,0,1.199,1320
1,5,42,1,0,0,1,1.199,1321
1,7,18,1,0,0,1,1.199,1321
1,6,25,1,0,0,0,1.199,1322
0,5,47,1,0,0,1,1.199,1323
1,9,31,1,0,0,1,1.199,1323
0,11,24,1,0,0,1,1.199,1323
1,16,35,1,0,0,0,1.199,1324
1,11,19,1,0,0,1,1.199,1324
1,4,20,1,1,0,1,1.199,1324
1,6,22,1,0,0,0,1.199,1325
1,3,32,1,0,1,0,1.199,1326
0,4,42,1,0,0,0,1.199,1326
1,7,17,1,0,0,0,1.199,1326
1,16,28,1,0,0,1,1.199,1327
1,2,17,1,0,0,1,1.199,1327
1,16,45,1,0,0,1,1.199,1328
1,7,19,1,0,0,0,1.199,1329
0,6,23,1,0,0,1,1.199,1330
1,5,15,1,0,0,0,1.199,1331
1,4,20,1,0,1,0,1.199,1331
1,0,38,1,0,0,0,1.199,1332
1,5,24,1,0,0,1,1.199,1333
0,6,32,1,0,0,1,1.199,1334
1,6,27,1,0,0,1,1.199,1334
1,0,29,1,0,0,1,1.199,1335
1,6,25,1,0,0,1,1.199,1336
1,5,24,1,0,1,1,1.199,1337
1,0,45,1,0,0,1,0.858,1338
1,0,19,1,1,0,0,0.858,1339
1,1,48,1,0,0,0,0.858,1340
1,2,35,1,0,0,0,0.858,1341
1,15,47,1,0,0,1,0.858,1342
0,0,38,1,0,0,0,0.858,1343
1,4,15,1,0,0,1,0.858,1343
1,3,27,1,0,1,1,0.858,1344
1,6,21,1,0,0,1,0.858,1345
1,10,18,1,0,0,0,0.858,1346
1,4,18,1,0,1,0,0.858,1347
1,0,34,1,0,1,1,1.134,1348
1,0,47,1,0,0,1,1.134,1349
0,4,20,1,0,0,0,1.134,1349
0,0,32,1,0,0,0,1.134,1350
1,6,34,1,1,0,1,1.134,1351
1,0,28,1,1,0,0,1.134,1352
1,1,29,1,0,0,0,1.134,1353
1,1,28,1,0,0,1,1.134,1353
1,0,44,1,0,1,0,1.134,1354
0,0,24,1,1,0,0,1.134,1354
1,6,35,1,0,0,0,1.134,1355
1,5,20,1,0,0,0,1.134,1356
0,0,24,1,0,1,0,1.221,1357
1,0,29,1,1,0,0,1.221,1358
1,3,20,1,0,0,0,1.221,1359
1,6,29,1,0,1,0,1.221,1360
0,6,28,1,0,0,0,1.221,1361
1,7,35,1,0,0,0,1.221,1362
1,4,19,1,0,0,0,1.221,1363
0,2,37,1,1,0,0,1.221,1363
1,3,22,1,0,0,0,1.221,1364
1,2,30,1,0,0,0,1.221,1365
1,0,34,1,0,0,1,0.65,1366
1,4,22,1,0,0,0,0.65,1367
1,0,23,1,0,0,0,0.65,1368
1,0,32,1,0,1,1,0.65,1369
0,2,33,1,0,1,1,0.65,1370
0,5,15,1,0,0,1,0.65,1370
1,3,27,1,1,0,0,0.65,1371
1,2,24,1,0,0,1,0.65,1372
1,5,31,1,1,0,0,0.65,1373
1,5,20,1,1,0,0,1.256,1374
1,8,26,1,0,0,0,1.256,1375
0,3,26,1,0,0,0,1.256,1376
1,0,32,1,0,0,1,1.256,1377
1,3,28,1,0,0,0,1.256,1378
1,0,18,1,0,0,1,1.256,1379
1,5,40,1,0,0,0,1.256,1380
1,4,39,1,0,0,1,0.632,1381
1,9,30,1,0,0,1,0.632,1382
1,0,46,1,0,0,1,0.632,1383
1,2,47,1,0,0,0,0.632,1384
1,4,19,1,0,0,0,0.632,1384
1,4,17,1,0,0,0,0.632,1384
1,9,25,1,0,1,1,0.632,1385
1,3,27,1,0,0,1,0.632,1386
1,6,28,1,0,0,0,0.632,1387
1,0,32,1,0,0,1,0.632,1388
1,2,22,1,0,1,0,0.632,1389
1,3,26,1,0,1,0,0.632,1390
1,0,28,1,0,1,1,0.632,1391
1,0,30,1,0,0,1,0.632,1392
1,4,20,1,0,0,1,0.632,1393
1,0,39,1,0,0,1,0.632,1394
1,0,40,1,0,0,0,0.632,1395
0,3,16,1,0,0,0,0.632,1396
1,0,33,1,0,0,0,0.632,1397
1,0,28,1,0,0,0,0.632,1397
1,0,35,1,0,1,1,0.632,1398
1,0,42,1,0,1,1,0.632,1399
1,5,15,1,0,0,0,0.632,1399
1,0,30,1,0,1,0,0.632,1400
1,4,22,1,0,0,0,0.632,1401
1,2,41,1,0,0,1,0.632,1402
1,0,40,0,0,0,1,0.998,1403
0,7,21,0,0,0,1,0.998,1403
1,6,20,0,1,0,1,0.998,1404
0,6,26,0,1,0,1,0.998,1405
1,4,26,0,0,0,1,0.998,1406
1,5,20,0,0,0,1,0.998,1407
0,3,15,0,0,0,0,0.998,1407
1,6,20,0,0,1,0,0.998,1408
0,10,16,0,0,0,1,0.998,1408
1,3,22,0,1,0,0,0.998,1409
1,9,20,0,0,0,0,0.998,1410
1,7,17,0,0,0,1,0.998,1411
1,0,30,0,0,0,1,0.998,1412
0,5,25,0,1,0,1,0.998,1413
1,0,49,0,0,0,1,0.998,1414
1,3,22,0,0,0,0,0.998,1415
1,4,19,0,0,0,1,0.998,1416
1,6,20,1,0,1,0,0.626,1417
1,0,37,1,0,0,1,0.626,1418
1,7,25,1,0,0,0,0.626,1419
1,3,24,1,0,0,0,0.626,1419
0,4,18,1,0,0,0,0.626,1419
1,4,37,1,0,0,1,0.626,1420
1,1,31,1,0,1,1,0.626,1421
1,0,32,1,0,0,1,0.626,1422
1,2,39,1,0,0,1,0.626,1423
1,5,15,1,0,0,1,0.626,1423
1,7,17,1,0,0,1,0.626,1423
1,4,29,1,0,0,1,0.626,1424
1,5,22,1,0,0,1,0.626,1425
1,3,34,1,0,0,1,0.626,1426
1,11,26,1,0,0,1,0.626,1427
1,6,38,1,0,0,1,0.626,1428
1,11,18,1,0,0,1,0.626,1428
1,8,16,1,0,0,1,0.626,1428
0,13,21,1,0,0,1,0.626,1428
1,5,34,1,0,0,1,0.626,1429
0,0,22,1,0,1,1,0.626,1429
1,0,25,1,0,0,0,0.626,1430
1,6,28,1,0,0,0,0.626,1430
1,0,28,1,0,1,1,0.626,1431
1,3,20,1,0,0,0,0.626,1432
1,0,32,1,0,1,1,0.626,1433
1,0,39,1,0,0,0,0.626,1434
1,0,27,1,0,0,1,0.626,1435
1,5,40,1,1,0,1,0.626,1436
0,7,15,1,0,0,1,0.626,1436
0,0,34,1,0,0,0,1.402,1437
1,0,38,1,0,1,0,1.402,1438
1,0,22,1,1,0,0,1.402,1439
0,6,15,1,0,0,0,1.402,1440
1,7,30,1,0,0,0,1.538,1441
1,0,30,1,0,1,0,1.538,1442
1,6,25,1,0,0,1,1.538,1443
0,2,47,1,0,0,0,1.538,1444
1,7,22,1,1,0,1,1.538,1444
1,3,29,1,0,0,0,1.538,1445
1,0,23,0,1,0,0,0.978,1446
1,0,30,0,0,1,1,0.978,1447
1,0,24,0,0,0,0,0.978,1448
1,11,28,0,0,0,1,0.978,1449
1,4,18,0,0,1,1,0.978,1450
1,0,36,0,0,0,1,0.978,1451
0,11,16,0,0,0,1,0.978,1451
0,10,20,0,0,0,0,0.978,1451
1,4,29,0,0,0,1,0.978,1452
1,11,20,0,0,0,1,0.978,1453
1,10,21,0,0,1,1,0.978,1454
1,11,35,0,0,0,1,0.978,1455
1,3,24,0,0,1,1,0.978,1456
1,6,21,0,0,0,0,0.978,1456
1,0,46,0,0,0,0,0.978,1457
1,1,40,0,0,1,0,0.978,1458
1,11,22,0,0,0,0,0.978,1459
1,10,16,0,0,0,1,0.978,1459
1,7,20,1,0,1,0,0.934,1460
1,4,16,1,0,0,1,0.934,1461
1,0,22,1,0,1,0,0.934,1462
1,0,46,1,0,0,0,0.934,1463
0,0,31,1,0,0,0,0.934,1464
1,4,31,1,0,1,0,0.934,1465
1,0,19,1,0,1,1,0.934,1466
1,1,42,1,0,0,1,0.934,1467
1,0,36,1,0,0,0,0.934,1468
1,0,38,1,1,0,1,0.934,1469
1,5,22,1,1,0,1,0.934,1470
1,0,35,1,0,0,1,0.934,1471
1,0,35,1,0,1,1,0.934,1472
1,4,29,1,0,1,1,0.934,1473
1,0,40,1,0,0,0,0.764,1474
1,0,35,1,0,0,1,0.764,1475
1,6,19,1,0,0,1,0.764,1475
1,0,25,1,0,0,1,0.764,1476
1,0,40,1,0,0,0,0.764,1477
1,3,32,1,0,0,1,0.764,1478
0,0,28,1,0,0,1,0.764,1479
1,0,40,1,1,0,0,0.764,1480
0,0,30,1,0,0,0,0.764,1480
1,4,49,1,1,0,0,0.764,1481
1,6,17,1,0,0,0,0.764,1481
1,0,18,1,0,0,1,0.764,1482
1,0,35,1,0,0,1,0.764,1483
1,0,40,1,0,0,1,0.764,1484
0,1,15,1,0,0,0,0.764,1485
1,0,32,1,0,0,0,0.764,1486
1,0,23,1,0,0,0,0.764,1487
1,0,35,1,0,0,1,0.764,1488
1,2,38,1,1,0,1,0.764,1489
1,3,32,1,0,0,1,0.764,1490
1,7,24,1,0,1,0,0.764,1491
1,0,28,1,0,0,0,0.764,1492
1,3,30,1,0,1,0,0.764,1493
1,0,28,1,0,0,1,0.764,1494
0,0,48,1,0,0,0,0.764,1495
1,6,16,1,0,0,0,0.764,1495
1,6,25,1,0,0,1,0.764,1496
